day,week,weekday,demand
0,0,0,140
1,0,1,165
2,0,2,199
3,0,3,202
4,0,4,211
5,0,5,167
6,0,6,141
7,1,0,140
8,1,1,153
9,1,2,180
10,1,3,174
11,1,4,202
12,1,5,170
13,1,6,131
14,2,0,167
15,2,1,189
16,2,2,193
17,2,3,214
18,2,4,221
19,2,5,184
20,2,6,158
21,3,0,164
22,3,1,207
23,3,2,228
24,3,3,230
25,3,4,227
26,3,5,188
27,3,6,167
28,4,0,200
29,4,1,208
30,4,2,242
31,4,3,247
32,4,4,251
33,4,5,224
34,4,6,184
35,5,0,227
36,5,1,241
37,5,2,263
38,5,3,266
39,5,4,261
40,5,5,259
41,5,6,208
42,6,0,198
43,6,1,230
44,6,2,234
45,6,3,254
46,6,4,256
47,6,5,248
48,6,6,191
49,7,0,197
50,7,1,224
51,7,2,222
52,7,3,236
53,7,4,256
54,7,5,230
55,7,6,180
56,8,0,191
57,8,1,199
58,8,2,227
59,8,3,245
60,8,4,236
61,8,5,224
62,8,6,176
63,9,0,147
64,9,1,174
65,9,2,184
66,9,3,215
67,9,4,196
68,9,5,187
69,9,6,165
70,10,0,146
71,10,1,175
72,10,2,185
73,10,3,201
74,10,4,202
75,10,5,179
76,10,6,154
77,11,0,163
78,11,1,176
79,11,2,200
80,11,3,190
81,11,4,210
82,11,5,182
83,11,6,155
84,12,0,154
85,12,1,193
86,12,2,200
87,12,3,222
88,12,4,200
89,12,5,202
90,12,6,156
91,13,0,167
92,13,1,186
93,13,2,200
94,13,3,224
95,13,4,223
96,13,5,190
97,13,6,177
98,14,0,166
99,14,1,207
100,14,2,216
101,14,3,215
102,14,4,234
103,14,5,205
104,14,6,165
105,15,0,174
106,15,1,202
107,15,2,213
108,15,3,205
109,15,4,240
110,15,5,191
111,15,6,169
112,16,0,154
113,16,1,185
114,16,2,204
115,16,3,226
116,16,4,217
117,16,5,200
118,16,6,149
119,17,0,155
120,17,1,185
121,17,2,189
122,17,3,212
123,17,4,228
124,17,5,175
125,17,6,137
126,18,0,165
127,18,1,176
128,18,2,194
129,18,3,200
130,18,4,234
131,18,5,185
132,18,6,148
133,19,0,137
134,19,1,177
135,19,2,193
136,19,3,199
137,19,4,213
138,19,5,169
139,19,6,146
140,20,0,162
141,20,1,202
142,20,2,212
143,20,3,212
144,20,4,229
145,20,5,188
146,20,6,153
147,21,0,186
148,21,1,221
149,21,2,216
150,21,3,239
151,21,4,250
152,21,5,213
153,21,6,176
154,22,0,166
155,22,1,189
156,22,2,205
157,22,3,238
158,22,4,227
159,22,5,204
160,22,6,164
161,23,0,148
162,23,1,157
163,23,2,182
164,23,3,193
165,23,4,214
166,23,5,157
167,23,6,144
168,24,0,157
169,24,1,211
170,24,2,216
171,24,3,221
172,24,4,221
173,24,5,182
174,24,6,173
175,25,0,139
176,25,1,172
177,25,2,163
178,25,3,174
179,25,4,198
180,25,5,193
181,25,6,134
182,26,0,140
183,26,1,162
184,26,2,171
185,26,3,193
186,26,4,198
187,26,5,168
188,26,6,155
189,27,0,152
190,27,1,159
191,27,2,173
192,27,3,175
193,27,4,206
194,27,5,160
195,27,6,151
196,28,0,165
197,28,1,168
198,28,2,168
199,28,3,193
200,28,4,198
201,28,5,160
202,28,6,118
203,29,0,130
204,29,1,178
205,29,2,179
206,29,3,178
207,29,4,216
208,29,5,174
209,29,6,144
210,30,0,160
211,30,1,181
212,30,2,185
213,30,3,208
214,30,4,209
215,30,5,189
216,30,6,165
217,31,0,143
218,31,1,174
219,31,2,179
220,31,3,209
221,31,4,225
222,31,5,182
223,31,6,140
224,32,0,153
225,32,1,168
226,32,2,183
227,32,3,195
228,32,4,208
229,32,5,178
230,32,6,129
231,33,0,152
232,33,1,177
233,33,2,189
234,33,3,188
235,33,4,191
236,33,5,173
237,33,6,122
238,34,0,133
239,34,1,149
240,34,2,164
241,34,3,171
242,34,4,203
243,34,5,135
244,34,6,130
245,35,0,121
246,35,1,128
247,35,2,180
248,35,3,174
249,35,4,177
250,35,5,136
251,35,6,127
252,36,0,114
253,36,1,148
254,36,2,175
255,36,3,185
256,36,4,192
257,36,5,169
258,36,6,152
259,37,0,125
260,37,1,154
261,37,2,152
262,37,3,180
263,37,4,175
264,37,5,139
265,37,6,98
266,38,0,113
267,38,1,143
268,38,2,154
269,38,3,156
270,38,4,181
271,38,5,158
272,38,6,130
273,39,0,145
274,39,1,163
275,39,2,197
276,39,3,180
277,39,4,201
278,39,5,166
279,39,6,150
280,40,0,144
281,40,1,171
282,40,2,179
283,40,3,193
284,40,4,184
285,40,5,166
286,40,6,131
287,41,0,161
288,41,1,172
289,41,2,180
290,41,3,198
291,41,4,212
292,41,5,179
293,41,6,141
294,42,0,143
295,42,1,181
296,42,2,183
297,42,3,209
298,42,4,194
299,42,5,192
300,42,6,140
301,43,0,149
302,43,1,167
303,43,2,194
304,43,3,179
305,43,4,209
306,43,5,176
307,43,6,125
308,44,0,113
309,44,1,148
310,44,2,159
311,44,3,185
312,44,4,168
313,44,5,146
314,44,6,117
315,45,0,133
316,45,1,162
317,45,2,173
318,45,3,189
319,45,4,200
320,45,5,153
321,45,6,135
322,46,0,150
323,46,1,170
324,46,2,207
325,46,3,209
326,46,4,214
327,46,5,196
328,46,6,178
329,47,0,165
330,47,1,193
331,47,2,207
332,47,3,211
333,47,4,215
334,47,5,195
335,47,6,148
336,48,0,154
337,48,1,186
338,48,2,209
339,48,3,204
340,48,4,224
341,48,5,180
342,48,6,171
343,49,0,163
344,49,1,178
345,49,2,205
346,49,3,223
347,49,4,214
348,49,5,186
349,49,6,154
350,50,0,155
351,50,1,183
352,50,2,207
353,50,3,208
354,50,4,224
355,50,5,180
356,50,6,164
357,51,0,173
358,51,1,195
359,51,2,204
360,51,3,238
361,51,4,238
362,51,5,184
363,51,6,176
364,52,0,174
365,52,1,212
366,52,2,194
367,52,3,223
368,52,4,236
369,52,5,193
370,52,6,156
371,53,0,175
372,53,1,208
373,53,2,212
374,53,3,219
375,53,4,251
376,53,5,219
377,53,6,178
378,54,0,169
379,54,1,192
380,54,2,204
381,54,3,231
382,54,4,218
383,54,5,192
384,54,6,164
385,55,0,149
386,55,1,177
387,55,2,212
388,55,3,209
389,55,4,209
390,55,5,175
391,55,6,149
392,56,0,136
393,56,1,191
394,56,2,183
395,56,3,205
396,56,4,213
397,56,5,189
398,56,6,161
399,57,0,148
400,57,1,178
401,57,2,179
402,57,3,191
403,57,4,219
404,57,5,199
405,57,6,135
406,58,0,144
407,58,1,193
408,58,2,193
409,58,3,223
410,58,4,233
411,58,5,195
412,58,6,157
413,59,0,150
414,59,1,167
415,59,2,185
416,59,3,174
417,59,4,197
418,59,5,181
419,59,6,118
420,60,0,172
421,60,1,185
422,60,2,206
423,60,3,207
424,60,4,232
425,60,5,203
426,60,6,140
427,61,0,144
428,61,1,183
429,61,2,203
430,61,3,200
431,61,4,220
432,61,5,183
433,61,6,134
434,62,0,197
435,62,1,219
436,62,2,233
437,62,3,233
438,62,4,236
439,62,5,211
440,62,6,178
441,63,0,225
442,63,1,249
443,63,2,266
444,63,3,271
445,63,4,287
446,63,5,239
447,63,6,237
448,64,0,182
449,64,1,218
450,64,2,237
451,64,3,262
452,64,4,247
453,64,5,214
454,64,6,193
455,65,0,176
456,65,1,198
457,65,2,226
458,65,3,224
459,65,4,230
460,65,5,212
461,65,6,163
462,66,0,166
463,66,1,171
464,66,2,203
465,66,3,215
466,66,4,237
467,66,5,186
468,66,6,147
469,67,0,172
470,67,1,196
471,67,2,198
472,67,3,221
473,67,4,212
474,67,5,194
475,67,6,177
476,68,0,163
477,68,1,156
478,68,2,202
479,68,3,207
480,68,4,230
481,68,5,202
482,68,6,161
483,69,0,168
484,69,1,180
485,69,2,198
486,69,3,202
487,69,4,210
488,69,5,181
489,69,6,130
490,70,0,153
491,70,1,188
492,70,2,205
493,70,3,203
494,70,4,223
495,70,5,179
496,70,6,150
497,71,0,162
498,71,1,186
499,71,2,189
500,71,3,210
501,71,4,222
502,71,5,192
503,71,6,146
504,72,0,161
505,72,1,202
506,72,2,199
507,72,3,204
508,72,4,225
509,72,5,210
510,72,6,153
511,73,0,167
512,73,1,178
513,73,2,193
514,73,3,215
515,73,4,236
516,73,5,172
517,73,6,158
518,74,0,161
519,74,1,179
520,74,2,213
521,74,3,199
522,74,4,210
523,74,5,157
524,74,6,150
525,75,0,136
526,75,1,176
527,75,2,187
528,75,3,203
529,75,4,212
530,75,5,188
531,75,6,146
532,76,0,142
533,76,1,165
534,76,2,183
535,76,3,194
536,76,4,203
537,76,5,190
538,76,6,129
539,77,0,160
540,77,1,181
541,77,2,212
542,77,3,203
543,77,4,205
544,77,5,177
545,77,6,156
546,78,0,156
547,78,1,199
548,78,2,204
549,78,3,230
550,78,4,228
551,78,5,193
552,78,6,167
553,79,0,160
554,79,1,193
555,79,2,215
556,79,3,205
557,79,4,248
558,79,5,202
559,79,6,152
560,80,0,190
561,80,1,211
562,80,2,224
563,80,3,230
564,80,4,259
565,80,5,216
566,80,6,185
567,81,0,160
568,81,1,182
569,81,2,198
570,81,3,213
571,81,4,219
572,81,5,187
573,81,6,128
574,82,0,161
575,82,1,171
576,82,2,211
577,82,3,203
578,82,4,221
579,82,5,177
580,82,6,132
581,83,0,140
582,83,1,165
583,83,2,189
584,83,3,207
585,83,4,226
586,83,5,191
587,83,6,143
588,84,0,157
589,84,1,178
590,84,2,194
591,84,3,220
592,84,4,209
593,84,5,169
594,84,6,148
595,85,0,146
596,85,1,185
597,85,2,190
598,85,3,208
599,85,4,216
600,85,5,180
601,85,6,165
602,86,0,149
603,86,1,167
604,86,2,184
605,86,3,208
606,86,4,195
607,86,5,177
608,86,6,147
609,87,0,159
610,87,1,195
611,87,2,200
612,87,3,212
613,87,4,221
614,87,5,164
615,87,6,149
616,88,0,159
617,88,1,196
618,88,2,198
619,88,3,220
620,88,4,223
621,88,5,194
622,88,6,141
623,89,0,127
624,89,1,154
625,89,2,173
626,89,3,187
627,89,4,210
628,89,5,157
629,89,6,126
630,90,0,133
631,90,1,164
632,90,2,178
633,90,3,184
634,90,4,212
635,90,5,157
636,90,6,134
637,91,0,131
638,91,1,160
639,91,2,170
640,91,3,198
641,91,4,194
642,91,5,166
643,91,6,151
644,92,0,151
645,92,1,173
646,92,2,185
647,92,3,188
648,92,4,195
649,92,5,176
650,92,6,142
651,93,0,155
652,93,1,156
653,93,2,184
654,93,3,209
655,93,4,196
656,93,5,167
657,93,6,122
658,94,0,165
659,94,1,178
660,94,2,210
661,94,3,211
662,94,4,209
663,94,5,198
664,94,6,145
665,95,0,160
666,95,1,182
667,95,2,188
668,95,3,216
669,95,4,213
670,95,5,189
671,95,6,154
672,96,0,138
673,96,1,156
674,96,2,189
675,96,3,186
676,96,4,188
677,96,5,159
678,96,6,138
679,97,0,162
680,97,1,182
681,97,2,212
682,97,3,211
683,97,4,223
684,97,5,185
685,97,6,134
686,98,0,171
687,98,1,189
688,98,2,192
689,98,3,210
690,98,4,213
691,98,5,208
692,98,6,152
693,99,0,177
694,99,1,191
695,99,2,207
696,99,3,219
697,99,4,194
698,99,5,194
699,99,6,193
700,100,0,141
701,100,1,178
702,100,2,203
703,100,3,194
704,100,4,230
705,100,5,213
706,100,6,141
707,101,0,145
708,101,1,174
709,101,2,189
710,101,3,195
711,101,4,226
712,101,5,175
713,101,6,143
714,102,0,164
715,102,1,181
716,102,2,207
717,102,3,185
718,102,4,205
719,102,5,177
720,102,6,133
721,103,0,174
722,103,1,194
723,103,2,215
724,103,3,220
725,103,4,222
726,103,5,211
727,103,6,163
728,104,0,172
729,104,1,225
730,104,2,216
731,104,3,229
732,104,4,241
733,104,5,231
734,104,6,193
735,105,0,175
736,105,1,206
737,105,2,209
738,105,3,238
739,105,4,268
740,105,5,207
741,105,6,155
742,106,0,186
743,106,1,235
744,106,2,231
745,106,3,238
746,106,4,243
747,106,5,225
748,106,6,173
749,107,0,202
750,107,1,218
751,107,2,231
752,107,3,239
753,107,4,257
754,107,5,227
755,107,6,185
756,108,0,228
757,108,1,209
758,108,2,229
759,108,3,249
760,108,4,258
761,108,5,223
762,108,6,196
763,109,0,207
764,109,1,232
765,109,2,226
766,109,3,230
767,109,4,248
768,109,5,214
769,109,6,190
770,110,0,188
771,110,1,223
772,110,2,253
773,110,3,254
774,110,4,262
775,110,5,231
776,110,6,179
777,111,0,187
778,111,1,211
779,111,2,229
780,111,3,229
781,111,4,259
782,111,5,212
783,111,6,190
784,112,0,174
785,112,1,212
786,112,2,226
787,112,3,251
788,112,4,242
789,112,5,215
790,112,6,158
791,113,0,181
792,113,1,198
793,113,2,235
794,113,3,243
795,113,4,234
796,113,5,218
797,113,6,192
798,114,0,197
799,114,1,219
800,114,2,233
801,114,3,227
802,114,4,255
803,114,5,215
804,114,6,190
805,115,0,200
806,115,1,221
807,115,2,224
808,115,3,250
809,115,4,248
810,115,5,215
811,115,6,206
812,116,0,201
813,116,1,211
814,116,2,247
815,116,3,266
816,116,4,277
817,116,5,231
818,116,6,208
819,117,0,198
820,117,1,219
821,117,2,232
822,117,3,252
823,117,4,249
824,117,5,223
825,117,6,190
826,118,0,200
827,118,1,250
828,118,2,261
829,118,3,262
830,118,4,303
831,118,5,262
832,118,6,225
833,119,0,212
834,119,1,230
835,119,2,244
836,119,3,249
837,119,4,260
838,119,5,229
839,119,6,205
840,120,0,226
841,120,1,239
842,120,2,260
843,120,3,259
844,120,4,272
845,120,5,235
846,120,6,223
847,121,0,186
848,121,1,242
849,121,2,234
850,121,3,248
851,121,4,255
852,121,5,239
853,121,6,202
854,122,0,193
855,122,1,229
856,122,2,239
857,122,3,236
858,122,4,237
859,122,5,208
860,122,6,182
861,123,0,170
862,123,1,190
863,123,2,220
864,123,3,231
865,123,4,216
866,123,5,207
867,123,6,171
868,124,0,168
869,124,1,177
870,124,2,216
871,124,3,229
872,124,4,233
873,124,5,212
874,124,6,158
875,125,0,144
876,125,1,193
877,125,2,201
878,125,3,206
879,125,4,206
880,125,5,179
881,125,6,144
882,126,0,168
883,126,1,193
884,126,2,202
885,126,3,210
886,126,4,224
887,126,5,189
888,126,6,166
889,127,0,152
890,127,1,173
891,127,2,189
892,127,3,215
893,127,4,211
894,127,5,182
895,127,6,138
896,128,0,154
897,128,1,188
898,128,2,184
899,128,3,212
900,128,4,232
901,128,5,187
902,128,6,146
903,129,0,193
904,129,1,188
905,129,2,222
906,129,3,239
907,129,4,242
908,129,5,213
909,129,6,163
910,130,0,172
911,130,1,199
912,130,2,215
913,130,3,234
914,130,4,250
915,130,5,207
916,130,6,182
917,131,0,170
918,131,1,191
919,131,2,217
920,131,3,228
921,131,4,223
922,131,5,194
923,131,6,164
924,132,0,166
925,132,1,163
926,132,2,186
927,132,3,228
928,132,4,215
929,132,5,184
930,132,6,137
931,133,0,167
932,133,1,175
933,133,2,196
934,133,3,208
935,133,4,237
936,133,5,178
937,133,6,145
938,134,0,163
939,134,1,176
940,134,2,196
941,134,3,218
942,134,4,225
943,134,5,182
944,134,6,180
945,135,0,186
946,135,1,209
947,135,2,215
948,135,3,220
949,135,4,265
950,135,5,205
951,135,6,166
952,136,0,167
953,136,1,205
954,136,2,215
955,136,3,243
956,136,4,237
957,136,5,208
958,136,6,157
959,137,0,151
960,137,1,181
961,137,2,202
962,137,3,203
963,137,4,206
964,137,5,173
965,137,6,142
966,138,0,161
967,138,1,160
968,138,2,184
969,138,3,209
970,138,4,200
971,138,5,191
972,138,6,130
973,139,0,169
974,139,1,161
975,139,2,202
976,139,3,207
977,139,4,213
978,139,5,183
979,139,6,169
980,140,0,180
981,140,1,211
982,140,2,232
983,140,3,233
984,140,4,225
985,140,5,197
986,140,6,153
987,141,0,170
988,141,1,196
989,141,2,219
990,141,3,216
991,141,4,214
992,141,5,190
993,141,6,168
994,142,0,171
995,142,1,183
996,142,2,182
997,142,3,226
998,142,4,231
999,142,5,224
1000,142,6,158
1001,143,0,135
1002,143,1,171
1003,143,2,183
1004,143,3,196
1005,143,4,215
1006,143,5,186
1007,143,6,148
1008,144,0,164
1009,144,1,175
1010,144,2,192
1011,144,3,209
1012,144,4,211
1013,144,5,185
1014,144,6,146
1015,145,0,141
1016,145,1,186
1017,145,2,203
1018,145,3,235
1019,145,4,227
1020,145,5,211
1021,145,6,170
1022,146,0,162
1023,146,1,215
1024,146,2,236
1025,146,3,240
1026,146,4,231
1027,146,5,213
1028,146,6,192
1029,147,0,199
1030,147,1,228
1031,147,2,232
1032,147,3,239
1033,147,4,261
1034,147,5,225
1035,147,6,190
1036,148,0,175
1037,148,1,201
1038,148,2,222
1039,148,3,218
1040,148,4,223
1041,148,5,208
1042,148,6,164
1043,149,0,164
1044,149,1,183
1045,149,2,199
1046,149,3,203
1047,149,4,237
1048,149,5,217
1049,149,6,155
1050,150,0,165
1051,150,1,196
1052,150,2,203
1053,150,3,223
1054,150,4,235
1055,150,5,189
1056,150,6,172
1057,151,0,180
1058,151,1,197
1059,151,2,243
1060,151,3,234
1061,151,4,248
1062,151,5,211
1063,151,6,189
1064,152,0,180
1065,152,1,184
1066,152,2,204
1067,152,3,211
1068,152,4,237
1069,152,5,205
1070,152,6,175
1071,153,0,180
1072,153,1,206
1073,153,2,220
1074,153,3,222
1075,153,4,229
1076,153,5,203
1077,153,6,168
1078,154,0,188
1079,154,1,191
1080,154,2,216
1081,154,3,226
1082,154,4,245
1083,154,5,206
1084,154,6,180
1085,155,0,156
1086,155,1,180
1087,155,2,203
1088,155,3,207
1089,155,4,207
1090,155,5,181
1091,155,6,142
