week,method,cost,shortage_units,overtime_worker_days,unused_capacity,demand,regular_worker_days
104,buffer_rule,19248.000000,22.000000,14.000000,1.000000,1809,135
104,point_plan,20604.000000,46.000000,31.000000,1.000000,1809,116
104,stochastic_plan,20832.000000,58.000000,32.000000,1.000000,1809,114
104,perfect_information,19248.000000,22.000000,14.000000,1.000000,1809,135
105,buffer_rule,18672.000000,13.000000,12.000000,26.000000,1751,135
105,point_plan,18492.000000,13.000000,11.000000,14.000000,1751,135
105,stochastic_plan,18672.000000,13.000000,12.000000,26.000000,1751,135
105,perfect_information,18480.000000,20.000000,10.000000,9.000000,1751,135
106,buffer_rule,19752.000000,28.000000,16.000000,2.000000,1838,135
106,point_plan,19752.000000,28.000000,16.000000,2.000000,1838,135
106,stochastic_plan,19752.000000,28.000000,16.000000,2.000000,1838,135
106,perfect_information,19752.000000,28.000000,16.000000,2.000000,1838,135
107,buffer_rule,20220.000000,10.000000,21.000000,12.000000,1870,135
107,point_plan,20220.000000,10.000000,21.000000,12.000000,1870,135
107,stochastic_plan,20220.000000,10.000000,21.000000,12.000000,1870,135
107,perfect_information,20220.000000,10.000000,21.000000,12.000000,1870,135
108,buffer_rule,20784.000000,11.000000,24.000000,8.000000,1911,135
108,point_plan,20892.000000,23.000000,23.000000,8.000000,1911,135
108,stochastic_plan,20844.000000,21.000000,23.000000,6.000000,1911,135
108,perfect_information,20784.000000,11.000000,24.000000,8.000000,1911,135
109,buffer_rule,19932.000000,13.000000,19.000000,5.000000,1856,135
109,point_plan,19992.000000,23.000000,18.000000,3.000000,1856,135
109,stochastic_plan,19932.000000,13.000000,19.000000,5.000000,1856,135
109,perfect_information,19932.000000,13.000000,19.000000,5.000000,1856,135
110,buffer_rule,20700.000000,15.000000,23.000000,4.000000,1907,135
110,point_plan,21024.000000,51.000000,20.000000,4.000000,1907,135
110,stochastic_plan,20700.000000,15.000000,23.000000,4.000000,1907,135
110,perfect_information,20700.000000,15.000000,23.000000,4.000000,1907,135
111,buffer_rule,19356.000000,4.000000,17.000000,8.000000,1820,135
111,point_plan,19440.000000,15.000000,16.000000,7.000000,1820,135
111,stochastic_plan,19356.000000,4.000000,17.000000,8.000000,1820,135
111,perfect_information,19356.000000,4.000000,17.000000,8.000000,1820,135
112,buffer_rule,18732.000000,23.000000,11.000000,2.000000,1773,135
112,point_plan,18996.000000,19.000000,13.000000,22.000000,1773,135
112,stochastic_plan,18732.000000,23.000000,11.000000,2.000000,1773,135
112,perfect_information,18732.000000,23.000000,11.000000,2.000000,1773,135
113,buffer_rule,19236.000000,14.000000,15.000000,14.000000,1800,135
113,point_plan,19440.000000,30.000000,14.000000,18.000000,1800,135
113,stochastic_plan,19152.000000,18.000000,14.000000,6.000000,1800,135
113,perfect_information,19152.000000,18.000000,14.000000,6.000000,1800,135
114,buffer_rule,19800.000000,15.000000,18.000000,9.000000,1842,135
114,point_plan,19800.000000,15.000000,18.000000,9.000000,1842,135
114,stochastic_plan,19800.000000,15.000000,18.000000,9.000000,1842,135
114,perfect_information,19800.000000,15.000000,18.000000,9.000000,1842,135
115,buffer_rule,20280.000000,20.000000,20.000000,3.000000,1877,135
115,point_plan,20388.000000,32.000000,19.000000,3.000000,1877,135
115,stochastic_plan,20280.000000,20.000000,20.000000,3.000000,1877,135
115,perfect_information,20280.000000,20.000000,20.000000,3.000000,1877,135
116,buffer_rule,21732.000000,28.000000,27.000000,2.000000,1970,135
116,point_plan,22296.000000,89.000000,22.000000,3.000000,1970,135
116,stochastic_plan,21696.000000,19.000000,28.000000,5.000000,1970,135
116,perfect_information,21684.000000,11.000000,29.000000,9.000000,1970,135
117,buffer_rule,20220.000000,10.000000,21.000000,5.000000,1877,135
117,point_plan,20220.000000,10.000000,21.000000,5.000000,1877,135
117,stochastic_plan,20220.000000,10.000000,21.000000,5.000000,1877,135
117,perfect_information,20220.000000,10.000000,21.000000,5.000000,1877,135
118,buffer_rule,24708.000000,122.000000,31.000000,0.000000,2114,135
118,point_plan,25032.000000,158.000000,28.000000,0.000000,2114,135
118,stochastic_plan,24492.000000,98.000000,33.000000,0.000000,2114,135
118,perfect_information,24276.000000,74.000000,35.000000,0.000000,2114,135
119,buffer_rule,21804.000000,61.000000,23.000000,2.000000,1955,135
119,point_plan,21372.000000,13.000000,27.000000,2.000000,1955,135
119,stochastic_plan,21372.000000,13.000000,27.000000,2.000000,1955,135
119,perfect_information,21372.000000,13.000000,27.000000,2.000000,1955,135
120,buffer_rule,23172.000000,43.000000,33.000000,3.000000,2056,135
120,point_plan,23568.000000,82.000000,30.000000,6.000000,2056,135
120,stochastic_plan,23172.000000,43.000000,33.000000,3.000000,2056,135
120,perfect_information,22956.000000,19.000000,35.000000,3.000000,2056,135
121,buffer_rule,21132.000000,33.000000,23.000000,3.000000,1926,135
121,point_plan,21504.000000,26.000000,26.000000,32.000000,1926,135
121,stochastic_plan,21072.000000,23.000000,24.000000,5.000000,1926,135
121,perfect_information,21072.000000,23.000000,24.000000,5.000000,1926,135
122,buffer_rule,19572.000000,13.000000,17.000000,10.000000,1827,135
122,point_plan,19656.000000,9.000000,18.000000,18.000000,1827,135
122,stochastic_plan,19572.000000,13.000000,17.000000,10.000000,1827,135
122,perfect_information,19572.000000,13.000000,17.000000,10.000000,1827,135
123,buffer_rule,17736.000000,4.000000,8.000000,32.000000,1688,135
123,point_plan,18432.000000,3.000000,12.000000,79.000000,1688,135
123,stochastic_plan,17376.000000,4.000000,6.000000,8.000000,1688,135
123,perfect_information,17376.000000,4.000000,6.000000,8.000000,1688,135
124,buffer_rule,17220.000000,5.000000,5.000000,14.000000,1671,135
124,point_plan,17760.000000,5.000000,8.000000,50.000000,1671,135
124,stochastic_plan,17388.000000,12.000000,5.000000,21.000000,1671,135
124,perfect_information,17208.000000,12.000000,4.000000,9.000000,1671,135
125,buffer_rule,16656.000000,4.000000,2.000000,119.000000,1529,135
125,point_plan,16296.000000,4.000000,0.000000,95.000000,1529,135
125,stochastic_plan,16296.000000,4.000000,0.000000,95.000000,1529,135
125,perfect_information,15624.000000,11.000000,0.000000,18.000000,1529,128
126,buffer_rule,17004.000000,11.000000,3.000000,45.000000,1622,135
126,point_plan,16608.000000,17.000000,2.000000,3.000000,1622,132
126,stochastic_plan,16668.000000,17.000000,3.000000,3.000000,1622,131
126,perfect_information,16440.000000,10.000000,0.000000,8.000000,1622,135
127,buffer_rule,16272.000000,3.000000,0.000000,112.000000,1511,135
127,point_plan,16344.000000,6.000000,0.000000,115.000000,1511,135
127,stochastic_plan,16224.000000,6.000000,0.000000,103.000000,1511,134
127,perfect_information,15336.000000,9.000000,0.000000,10.000000,1511,126
128,buffer_rule,16428.000000,2.000000,1.000000,71.000000,1563,135
128,point_plan,16176.000000,4.000000,4.000000,25.000000,1563,128
128,stochastic_plan,16224.000000,16.000000,4.000000,13.000000,1563,126
128,perfect_information,15936.000000,14.000000,0.000000,11.000000,1563,130
129,buffer_rule,18612.000000,18.000000,11.000000,15.000000,1755,135
129,point_plan,18732.000000,18.000000,15.000000,3.000000,1755,130
129,stochastic_plan,18792.000000,18.000000,16.000000,3.000000,1755,129
129,perfect_information,18432.000000,18.000000,10.000000,3.000000,1755,135
130,buffer_rule,18492.000000,13.000000,11.000000,14.000000,1751,135
130,point_plan,18492.000000,13.000000,11.000000,14.000000,1751,135
130,stochastic_plan,18384.000000,16.000000,10.000000,5.000000,1751,135
130,perfect_information,18384.000000,16.000000,10.000000,5.000000,1751,135
131,buffer_rule,17136.000000,9.000000,4.000000,15.000000,1662,135
131,point_plan,17028.000000,12.000000,3.000000,6.000000,1662,135
131,stochastic_plan,17136.000000,9.000000,4.000000,15.000000,1662,135
131,perfect_information,17028.000000,12.000000,3.000000,6.000000,1662,135
132,buffer_rule,16368.000000,7.000000,0.000000,92.000000,1535,135
132,point_plan,16380.000000,0.000000,1.000000,97.000000,1535,135
132,stochastic_plan,16548.000000,7.000000,1.000000,104.000000,1535,135
132,perfect_information,15672.000000,8.000000,0.000000,21.000000,1535,129
133,buffer_rule,16500.000000,5.000000,1.000000,71.000000,1566,135
133,point_plan,16380.000000,0.000000,5.000000,42.000000,1566,129
133,stochastic_plan,16404.000000,11.000000,5.000000,29.000000,1566,127
133,perfect_information,16080.000000,5.000000,2.000000,23.000000,1566,130
134,buffer_rule,16740.000000,0.000000,3.000000,48.000000,1608,135
134,point_plan,16548.000000,12.000000,3.000000,12.000000,1608,131
134,stochastic_plan,16608.000000,12.000000,4.000000,12.000000,1608,130
134,perfect_information,16368.000000,12.000000,0.000000,12.000000,1608,134
135,buffer_rule,18984.000000,26.000000,12.000000,30.000000,1760,135
135,point_plan,18744.000000,26.000000,12.000000,6.000000,1760,133
135,stochastic_plan,18804.000000,26.000000,13.000000,6.000000,1760,132
135,perfect_information,18624.000000,26.000000,10.000000,6.000000,1760,135
136,buffer_rule,18204.000000,16.000000,9.000000,24.000000,1720,135
136,point_plan,18204.000000,16.000000,9.000000,24.000000,1720,135
136,stochastic_plan,18024.000000,16.000000,8.000000,12.000000,1720,135
136,perfect_information,18024.000000,16.000000,8.000000,12.000000,1720,135
137,buffer_rule,16320.000000,5.000000,0.000000,114.000000,1511,135
137,point_plan,16200.000000,0.000000,0.000000,109.000000,1511,135
137,stochastic_plan,16200.000000,0.000000,0.000000,109.000000,1511,135
137,perfect_information,15384.000000,16.000000,0.000000,5.000000,1511,125
138,buffer_rule,16404.000000,1.000000,1.000000,152.000000,1481,135
138,point_plan,15708.000000,2.000000,1.000000,81.000000,1481,129
138,stochastic_plan,15708.000000,2.000000,1.000000,81.000000,1481,129
138,perfect_information,15048.000000,7.000000,2.000000,2.000000,1481,121
139,buffer_rule,16632.000000,3.000000,2.000000,81.000000,1566,135
139,point_plan,16224.000000,6.000000,4.000000,24.000000,1566,128
139,stochastic_plan,16260.000000,10.000000,5.000000,16.000000,1566,126
139,perfect_information,15864.000000,11.000000,0.000000,5.000000,1566,130
140,buffer_rule,18156.000000,14.000000,9.000000,24.000000,1718,135
140,point_plan,18216.000000,14.000000,12.000000,12.000000,1718,131
140,stochastic_plan,18192.000000,18.000000,12.000000,4.000000,1718,130
140,perfect_information,17892.000000,18.000000,7.000000,4.000000,1718,135
141,buffer_rule,17040.000000,5.000000,4.000000,26.000000,1647,135
141,point_plan,16920.000000,0.000000,4.000000,21.000000,1647,135
141,stochastic_plan,16908.000000,7.000000,3.000000,16.000000,1647,135
141,perfect_information,16848.000000,12.000000,2.000000,9.000000,1647,135
142,buffer_rule,17796.000000,14.000000,7.000000,69.000000,1649,135
142,point_plan,17436.000000,14.000000,5.000000,45.000000,1649,135
142,stochastic_plan,17436.000000,14.000000,5.000000,45.000000,1649,135
142,perfect_information,16920.000000,20.000000,2.000000,3.000000,1649,134
143,buffer_rule,16248.000000,2.000000,0.000000,141.000000,1481,135
143,point_plan,16200.000000,0.000000,0.000000,139.000000,1481,135
143,stochastic_plan,16200.000000,0.000000,0.000000,139.000000,1481,135
143,perfect_information,15144.000000,6.000000,0.000000,25.000000,1481,125
144,buffer_rule,16500.000000,5.000000,1.000000,98.000000,1539,135
144,point_plan,15888.000000,7.000000,0.000000,40.000000,1539,131
144,stochastic_plan,15732.000000,8.000000,1.000000,17.000000,1539,128
144,perfect_information,15672.000000,8.000000,0.000000,17.000000,1539,129
145,buffer_rule,17376.000000,19.000000,4.000000,39.000000,1648,135
145,point_plan,17496.000000,19.000000,6.000000,39.000000,1648,133
145,stochastic_plan,17496.000000,19.000000,8.000000,27.000000,1648,130
145,perfect_information,16860.000000,20.000000,1.000000,4.000000,1648,135
146,buffer_rule,18936.000000,24.000000,12.000000,1.000000,1787,135
146,point_plan,18936.000000,24.000000,12.000000,1.000000,1787,135
146,stochastic_plan,18936.000000,24.000000,12.000000,1.000000,1787,135
146,perfect_information,18936.000000,24.000000,12.000000,1.000000,1787,135
147,buffer_rule,20424.000000,11.000000,22.000000,5.000000,1890,135
147,point_plan,20424.000000,11.000000,22.000000,5.000000,1890,135
147,stochastic_plan,20424.000000,11.000000,22.000000,5.000000,1890,135
147,perfect_information,20424.000000,11.000000,22.000000,5.000000,1890,135
148,buffer_rule,17640.000000,15.000000,6.000000,12.000000,1695,135
148,point_plan,18216.000000,9.000000,10.000000,54.000000,1695,135
148,stochastic_plan,17640.000000,15.000000,6.000000,12.000000,1695,135
148,perfect_information,17556.000000,19.000000,5.000000,4.000000,1695,135
149,buffer_rule,17544.000000,11.000000,6.000000,73.000000,1630,135
149,point_plan,17964.000000,6.000000,9.000000,104.000000,1630,135
149,stochastic_plan,17040.000000,5.000000,4.000000,43.000000,1630,135
149,perfect_information,16752.000000,13.000000,2.000000,15.000000,1630,134
150,buffer_rule,17280.000000,15.000000,4.000000,24.000000,1659,135
150,point_plan,17184.000000,11.000000,4.000000,20.000000,1659,135
150,stochastic_plan,17244.000000,21.000000,3.000000,18.000000,1659,135
150,perfect_information,17064.000000,21.000000,2.000000,6.000000,1659,135
151,buffer_rule,19116.000000,9.000000,15.000000,7.000000,1802,135
151,point_plan,19116.000000,9.000000,15.000000,7.000000,1802,135
151,stochastic_plan,19116.000000,9.000000,15.000000,7.000000,1802,135
151,perfect_information,19116.000000,9.000000,15.000000,7.000000,1802,135
152,buffer_rule,17688.000000,17.000000,6.000000,35.000000,1674,135
152,point_plan,18312.000000,13.000000,10.000000,79.000000,1674,135
152,stochastic_plan,17412.000000,13.000000,5.000000,19.000000,1674,135
152,perfect_information,17292.000000,23.000000,3.000000,5.000000,1674,135
153,buffer_rule,17748.000000,12.000000,7.000000,4.000000,1712,135
153,point_plan,17880.000000,10.000000,8.000000,14.000000,1712,135
153,stochastic_plan,17748.000000,12.000000,7.000000,4.000000,1712,135
153,perfect_information,17748.000000,12.000000,7.000000,4.000000,1712,135
154,buffer_rule,18480.000000,20.000000,10.000000,18.000000,1742,135
154,point_plan,18684.000000,6.000000,13.000000,40.000000,1742,135
154,stochastic_plan,18324.000000,21.000000,9.000000,7.000000,1742,135
154,perfect_information,18324.000000,21.000000,9.000000,7.000000,1742,135
155,buffer_rule,16452.000000,3.000000,1.000000,106.000000,1529,135
155,point_plan,16632.000000,3.000000,2.000000,118.000000,1529,135
155,stochastic_plan,16272.000000,3.000000,0.000000,94.000000,1529,135
155,perfect_information,15504.000000,6.000000,0.000000,13.000000,1529,128
